{
	"credit": "Made with Blockbench",
	"texture_size": [64, 64],
	"textures": {
		"0": "item/bom1",
		"particle": "item/bom1"
	},
	"elements": [
		{
			"from": [0, 0, 0],
			"to": [16, 32, 16],
			"faces": {
				"north": {"uv": [0, 0, 4, 4], "texture": "#0"},
				"east": {"uv": [0, 4.25, 4, 8.25], "texture": "#0"},
				"south": {"uv": [4.25, 0, 8.25, 4], "texture": "#0"},
				"west": {"uv": [4.25, 4.25, 8.25, 8.25], "texture": "#0"},
				"up": {"uv": [4, 12.5, 0, 8.5], "texture": "#0"},
				"down": {"uv": [12.5, 0, 8.5, 4], "texture": "#0"}
			}
		}
	]
}