{
	"credit": "Made with Blockbench",
	"texture_size": [32, 32],
	"textures": {
		"0": "item/bannertex",
		"particle": "item/bannertex"
	},
	"elements": [
		{
			"from": [8, 0, 8],
			"to": [9, 22, 9],
			"rotation": {"angle": 0, "axis": "z", "origin": [6.5, 7.5, 7.5]},
			"faces": {
				"north": {"uv": [4, 4.5, 4.5, 15.5], "texture": "#0"},
				"east": {"uv": [4.5, 4.5, 5, 15.5], "texture": "#0"},
				"south": {"uv": [5, 4.5, 5.5, 15.5], "texture": "#0"},
				"west": {"uv": [5.5, 4.5, 6, 15.5], "texture": "#0"},
				"up": {"uv": [8.5, 9.5, 8, 9], "texture": "#0"},
				"down": {"uv": [9.5, 8, 9, 8.5], "texture": "#0"}
			}
		},
		{
			"from": [1, 13, 8],
			"to": [7, 22, 9],
			"faces": {
				"north": {"uv": [0, 0, 3, 4.5], "texture": "#0"},
				"east": {"uv": [7, 0, 7.5, 4.5], "texture": "#0"},
				"south": {"uv": [3, 0, 6, 4.5], "texture": "#0"},
				"west": {"uv": [7, 4.5, 7.5, 9], "texture": "#0"},
				"up": {"uv": [3.5, 9.5, 0.5, 9], "texture": "#0"},
				"down": {"uv": [12, 4.5, 9, 5], "texture": "#0"}
			}
		},
		{
			"from": [7, 21, 8],
			"to": [8, 22, 9],
			"faces": {
				"north": {"uv": [9, 9, 9.5, 9.5], "texture": "#0"},
				"east": {"uv": [9.5, 0, 10, 0.5], "texture": "#0"},
				"south": {"uv": [0.5, 9.5, 1, 10], "texture": "#0"},
				"west": {"uv": [9.5, 0.5, 10, 1], "texture": "#0"},
				"up": {"uv": [1.5, 10, 1, 9.5], "texture": "#0"},
				"down": {"uv": [10, 1, 9.5, 1.5], "texture": "#0"}
			}
		},
		{
			"from": [7, 13, 8],
			"to": [8, 14, 9],
			"faces": {
				"north": {"uv": [3.5, 9, 4, 9.5], "texture": "#0"},
				"east": {"uv": [9, 6.5, 9.5, 7], "texture": "#0"},
				"south": {"uv": [7, 9, 7.5, 9.5], "texture": "#0"},
				"west": {"uv": [9, 7, 9.5, 7.5], "texture": "#0"},
				"up": {"uv": [8, 9.5, 7.5, 9], "texture": "#0"},
				"down": {"uv": [9.5, 7.5, 9, 8], "texture": "#0"}
			}
		},
		{
			"from": [-1, 13, 9],
			"to": [1, 22, 10],
			"faces": {
				"north": {"uv": [6, 0, 7, 4.5], "texture": "#0"},
				"east": {"uv": [7.5, 0, 8, 4.5], "texture": "#0"},
				"south": {"uv": [6, 4.5, 7, 9], "texture": "#0"},
				"west": {"uv": [7.5, 4.5, 8, 9], "texture": "#0"},
				"up": {"uv": [7, 9.5, 6, 9], "texture": "#0"},
				"down": {"uv": [10, 6, 9, 6.5], "texture": "#0"}
			}
		},
		{
			"from": [-2, 13, 8],
			"to": [-1, 22, 9],
			"faces": {
				"north": {"uv": [8, 0, 8.5, 4.5], "texture": "#0"},
				"east": {"uv": [8, 4.5, 8.5, 9], "texture": "#0"},
				"south": {"uv": [8.5, 0, 9, 4.5], "texture": "#0"},
				"west": {"uv": [8.5, 4.5, 9, 9], "texture": "#0"},
				"up": {"uv": [9, 9.5, 8.5, 9], "texture": "#0"},
				"down": {"uv": [9.5, 8.5, 9, 9], "texture": "#0"}
			}
		},
		{
			"from": [-6, 13, 7],
			"to": [-2, 22, 8],
			"faces": {
				"north": {"uv": [0, 4.5, 2, 9], "texture": "#0"},
				"east": {"uv": [0, 9, 0.5, 13.5], "texture": "#0"},
				"south": {"uv": [2, 4.5, 4, 9], "texture": "#0"},
				"west": {"uv": [9, 0, 9.5, 4.5], "texture": "#0"},
				"up": {"uv": [11, 5.5, 9, 5], "texture": "#0"},
				"down": {"uv": [11, 5.5, 9, 6], "texture": "#0"}
			}
		}
	],
	"display": {
		"thirdperson_righthand": {
			"rotation": [46.23, -5.75, 13.94]
		},
		"firstperson_righthand": {
			"rotation": [-28.75, -58, 0],
			"translation": [0, 0, 2]
		},
		"firstperson_lefthand": {
			"rotation": [175.5, 78.5, -180],
			"translation": [0, 5.5, 1.5]
		},
		"ground": {
			"rotation": [22.49, 1.83, 9.27],
			"translation": [0, 8.75, 0]
		},
		"gui": {
			"rotation": [6.41, -33.99, 30.79],
			"translation": [4.25, -1.75, 0],
			"scale": [0.75, 0.75, 0.75]
		}
	}
}