{
 "parent": "item/handheld",
 "textures": {
  "layer0": "item/diamond"
 },

 "overrides": [
  { "predicate": {"custom_model_data": 222}, "model": "item/bingus/bingusbase"},
  { "predicate": {"custom_model_data": 223}, "model": "item/bingus/binguswalk1"},
  { "predicate": {"custom_model_data": 224}, "model": "item/bingus/binguswalk2"},
  { "predicate": {"custom_model_data": 225}, "model": "item/bingus/binguswalk3"},
  { "predicate": {"custom_model_data": 226}, "model": "item/bingus/binguswalk4"},
  { "predicate": {"custom_model_data": 227}, "model": "item/bingus/bingusslam"},
  { "predicate": {"custom_model_data": 228}, "model": "item/bingus/bingusslam2"},
  { "predicate": {"custom_model_data": 229}, "model": "item/bingus/bingusslam3"},
  { "predicate": {"custom_model_data": 230}, "model": "item/bingus/bingusbeam"},
  { "predicate": {"custom_model_data": 231}, "model": "item/bingus/bingusexhaust"},
  { "predicate": {"custom_model_data": 232}, "model": "item/bingus/binguscharge1"},
  { "predicate": {"custom_model_data": 233}, "model": "item/bingus/binguscharge2"}
  

 ]

 
}