{
	"credit": "Made with Blockbench",
	"texture_size": [64, 32],
	"textures": {
		"0": "item/shadelurkernew/shadelurker",
		"particle": "item/shadelurkernew/shadelurker"
	},
	"elements": [
		{
			"name": "head",
			"from": [-4, 24, -4],
			"to": [4, 32, 4],
			"shade": false,
			"faces": {
				"north": {"uv": [2, 4, 4, 8], "texture": "#0"},
				"east": {"uv": [0, 4, 2, 8], "texture": "#0"},
				"south": {"uv": [6, 4, 8, 8], "texture": "#0"},
				"west": {"uv": [4, 4, 6, 8], "texture": "#0"},
				"up": {"uv": [2, 0, 4, 4], "texture": "#0"},
				"down": {"uv": [4, 0, 6, 4], "texture": "#0"}
			}
		},
		{
			"from": [4, 27, 0],
			"to": [5, 30, 2],
			"faces": {
				"north": {"uv": [6, 0, 8, 4], "texture": "#0"},
				"east": {"uv": [6, 0, 8, 4], "texture": "#0"},
				"south": {"uv": [6, 0, 8, 4], "texture": "#0"},
				"west": {"uv": [6, 0, 8, 4], "texture": "#0"},
				"up": {"uv": [6, 0, 8, 4], "texture": "#0"},
				"down": {"uv": [6, 0, 8, 4], "texture": "#0"}
			}
		},
		{
			"from": [5, 28, 0],
			"to": [6, 30, 2],
			"faces": {
				"north": {"uv": [6, 0, 8, 4], "texture": "#0"},
				"east": {"uv": [6, 0, 8, 4], "texture": "#0"},
				"south": {"uv": [6, 0, 8, 4], "texture": "#0"},
				"west": {"uv": [6, 0, 8, 4], "texture": "#0"},
				"up": {"uv": [6, 0, 8, 4], "texture": "#0"},
				"down": {"uv": [6, 0, 8, 4], "texture": "#0"}
			}
		},
		{
			"from": [6, 29, -1],
			"to": [7, 31, 1],
			"faces": {
				"north": {"uv": [6, 0, 8, 4], "texture": "#0"},
				"east": {"uv": [6, 0, 8, 4], "texture": "#0"},
				"south": {"uv": [6, 0, 8, 4], "texture": "#0"},
				"west": {"uv": [6, 0, 8, 4], "texture": "#0"},
				"up": {"uv": [6, 0, 8, 4], "texture": "#0"},
				"down": {"uv": [6, 0, 8, 4], "texture": "#0"}
			}
		},
		{
			"from": [7, 30, -2],
			"to": [8, 32, 0],
			"faces": {
				"north": {"uv": [6, 0, 8, 4], "texture": "#0"},
				"east": {"uv": [6, 0, 8, 4], "texture": "#0"},
				"south": {"uv": [6, 0, 8, 4], "texture": "#0"},
				"west": {"uv": [6, 0, 8, 4], "texture": "#0"},
				"up": {"uv": [6, 0, 8, 4], "texture": "#0"},
				"down": {"uv": [6, 0, 8, 4], "texture": "#0"}
			}
		},
		{
			"from": [8, 30, -4],
			"to": [9, 32, -1],
			"faces": {
				"north": {"uv": [6, 0, 8, 4], "texture": "#0"},
				"east": {"uv": [6, 0, 8, 4], "texture": "#0"},
				"south": {"uv": [6, 0, 8, 4], "texture": "#0"},
				"west": {"uv": [6, 0, 8, 4], "texture": "#0"},
				"up": {"uv": [6, 0, 8, 4], "texture": "#0"},
				"down": {"uv": [6, 0, 8, 4], "texture": "#0"}
			}
		},
		{
			"from": [7, 29, -5],
			"to": [8, 31, -3],
			"faces": {
				"north": {"uv": [6, 0, 8, 4], "texture": "#0"},
				"east": {"uv": [6, 0, 8, 4], "texture": "#0"},
				"south": {"uv": [6, 0, 8, 4], "texture": "#0"},
				"west": {"uv": [6, 0, 8, 4], "texture": "#0"},
				"up": {"uv": [6, 0, 8, 4], "texture": "#0"},
				"down": {"uv": [6, 0, 8, 4], "texture": "#0"}
			}
		},
		{
			"from": [6, 28, -6],
			"to": [7, 30, -5],
			"faces": {
				"north": {"uv": [6, 0, 8, 4], "texture": "#0"},
				"east": {"uv": [6, 0, 8, 4], "texture": "#0"},
				"south": {"uv": [6, 0, 8, 4], "texture": "#0"},
				"west": {"uv": [6, 0, 8, 4], "texture": "#0"},
				"up": {"uv": [6, 0, 8, 4], "texture": "#0"},
				"down": {"uv": [6, 0, 8, 4], "texture": "#0"}
			}
		},
		{
			"from": [-5, 27, -2],
			"to": [-4, 30, 0],
			"faces": {
				"north": {"uv": [6, 0, 8, 4], "texture": "#0"},
				"east": {"uv": [6, 0, 8, 4], "texture": "#0"},
				"south": {"uv": [6, 0, 8, 4], "texture": "#0"},
				"west": {"uv": [6, 0, 8, 4], "texture": "#0"},
				"up": {"uv": [6, 0, 8, 4], "texture": "#0"},
				"down": {"uv": [6, 0, 8, 4], "texture": "#0"}
			}
		},
		{
			"from": [-6, 28, -2],
			"to": [-5, 30, 0],
			"faces": {
				"north": {"uv": [6, 0, 8, 4], "texture": "#0"},
				"east": {"uv": [6, 0, 8, 4], "texture": "#0"},
				"south": {"uv": [6, 0, 8, 4], "texture": "#0"},
				"west": {"uv": [6, 0, 8, 4], "texture": "#0"},
				"up": {"uv": [6, 0, 8, 4], "texture": "#0"},
				"down": {"uv": [6, 0, 8, 4], "texture": "#0"}
			}
		},
		{
			"from": [-7, 29, -3],
			"to": [-6, 31, -1],
			"faces": {
				"north": {"uv": [6, 0, 8, 4], "texture": "#0"},
				"east": {"uv": [6, 0, 8, 4], "texture": "#0"},
				"south": {"uv": [6, 0, 8, 4], "texture": "#0"},
				"west": {"uv": [6, 0, 8, 4], "texture": "#0"},
				"up": {"uv": [6, 0, 8, 4], "texture": "#0"},
				"down": {"uv": [6, 0, 8, 4], "texture": "#0"}
			}
		},
		{
			"from": [-8, 30, -4],
			"to": [-7, 32, -2],
			"faces": {
				"north": {"uv": [6, 0, 8, 4], "texture": "#0"},
				"east": {"uv": [6, 0, 8, 4], "texture": "#0"},
				"south": {"uv": [6, 0, 8, 4], "texture": "#0"},
				"west": {"uv": [6, 0, 8, 4], "texture": "#0"},
				"up": {"uv": [6, 0, 8, 4], "texture": "#0"},
				"down": {"uv": [6, 0, 8, 4], "texture": "#0"}
			}
		},
		{
			"from": [-9, 30, -5],
			"to": [-8, 32, -2],
			"faces": {
				"north": {"uv": [6, 0, 8, 4], "texture": "#0"},
				"east": {"uv": [6, 0, 8, 4], "texture": "#0"},
				"south": {"uv": [6, 0, 8, 4], "texture": "#0"},
				"west": {"uv": [6, 0, 8, 4], "texture": "#0"},
				"up": {"uv": [6, 0, 8, 4], "texture": "#0"},
				"down": {"uv": [6, 0, 8, 4], "texture": "#0"}
			}
		},
		{
			"from": [-8, 29, -6],
			"to": [-7, 31, -4],
			"faces": {
				"north": {"uv": [6, 0, 8, 4], "texture": "#0"},
				"east": {"uv": [6, 0, 8, 4], "texture": "#0"},
				"south": {"uv": [6, 0, 8, 4], "texture": "#0"},
				"west": {"uv": [6, 0, 8, 4], "texture": "#0"},
				"up": {"uv": [6, 0, 8, 4], "texture": "#0"},
				"down": {"uv": [6, 0, 8, 4], "texture": "#0"}
			}
		},
		{
			"from": [-7, 28, -7],
			"to": [-6, 30, -6],
			"faces": {
				"north": {"uv": [6, 0, 8, 4], "texture": "#0"},
				"east": {"uv": [6, 0, 8, 4], "texture": "#0"},
				"south": {"uv": [6, 0, 8, 4], "texture": "#0"},
				"west": {"uv": [6, 0, 8, 4], "texture": "#0"},
				"up": {"uv": [6, 0, 8, 4], "texture": "#0"},
				"down": {"uv": [6, 0, 8, 4], "texture": "#0"}
			}
		}
	],
	"display": {
		"head": {
			"translation": [12.75, -32, 12.75],
			"scale": [1.6, 1.6, 1.6]
		}
	},
	"groups": [
		{
			"name": "head",
			"origin": [0, 24, 0],
			"shade": false,
			"children": [0]
		},
		{
			"name": "hornl",
			"origin": [0, 0, 0],
			"children": [1, 2, 3, 4, 5, 6, 7]
		},
		{
			"name": "hornr",
			"origin": [0, 0, 0],
			"children": [8, 9, 10, 11, 12, 13, 14]
		}
	]
}