{
	"credit": "Made with Blockbench",
	"texture_size": [64, 32],
	"textures": {
		"0": "item/shadelurkernew/shadelurker",
		"particle": "item/shadelurkernew/shadelurker"
	},
	"elements": [
		{
			"name": "rightarm",
			"from": [-6, 12, -1],
			"to": [-4, 24, 1],
			"shade": false,
			"faces": {
				"north": {"uv": [11.25, 9, 11.75, 15], "texture": "#0"},
				"east": {"uv": [11.5, 9, 12, 15], "texture": "#0"},
				"south": {"uv": [10, 9, 10.5, 15], "texture": "#0"},
				"west": {"uv": [11.5, 9, 12, 15], "texture": "#0"},
				"up": {"uv": [10.5, 8, 11, 9], "texture": "#0"},
				"down": {"uv": [10.5, 8, 11, 9], "texture": "#0"}
			}
		},
		{
			"name": "body",
			"from": [-4, 12, -2],
			"to": [4, 24, 2],
			"shade": false,
			"faces": {
				"north": {"uv": [5, 10, 7, 16], "texture": "#0"},
				"east": {"uv": [4, 10, 5.25, 16], "texture": "#0"},
				"south": {"uv": [8, 10, 10, 16], "texture": "#0"},
				"west": {"uv": [4, 10, 5, 16], "texture": "#0"},
				"up": {"uv": [0, 0, 0.25, 0.5], "texture": "#0"},
				"down": {"uv": [7, 8, 9, 10], "texture": "#0"}
			}
		},
		{
			"from": [-3, 4, -2.6],
			"to": [3, 14, -2.2],
			"faces": {
				"north": {"uv": [2, 8, 3.75, 15], "texture": "#0"},
				"east": {"uv": [2, 8, 3.75, 15], "texture": "#0"},
				"south": {"uv": [2, 8, 3.75, 15], "texture": "#0"},
				"west": {"uv": [2, 8, 3.75, 15], "texture": "#0"},
				"up": {"uv": [2, 8, 3.75, 15], "texture": "#0"},
				"down": {"uv": [2, 8, 3.75, 15], "texture": "#0"}
			}
		},
		{
			"name": "leftarm",
			"from": [4, 12, -1],
			"to": [6, 24, 1],
			"faces": {
				"north": {"uv": [11, 9, 11.5, 15], "texture": "#0"},
				"east": {"uv": [11.25, 9, 11.75, 15], "texture": "#0"},
				"south": {"uv": [10, 9, 10.5, 15], "texture": "#0"},
				"west": {"uv": [11.25, 9, 11.75, 15], "texture": "#0"},
				"up": {"uv": [10.5, 8, 11, 9], "texture": "#0"},
				"down": {"uv": [10.5, 8, 11, 9], "texture": "#0"}
			}
		},
		{
			"name": "rightleg",
			"from": [-3, 0, -1],
			"to": [-1, 12, 1],
			"shade": false,
			"faces": {
				"north": {"uv": [0, 9, 0.5, 15], "texture": "#0"},
				"east": {"uv": [0.75, 9, 1.25, 15], "texture": "#0"},
				"south": {"uv": [1.5, 9, 2, 15], "texture": "#0"},
				"west": {"uv": [0.5, 9, 1, 15], "texture": "#0"},
				"up": {"uv": [10.5, 8, 11, 9], "texture": "#0"},
				"down": {"uv": [10.5, 8, 11, 9], "texture": "#0"}
			}
		},
		{
			"name": "leftleg",
			"from": [1, 0, -1],
			"to": [3, 12, 1],
			"faces": {
				"north": {"uv": [0, 9, 0.5, 15], "texture": "#0"},
				"east": {"uv": [0.5, 9, 1, 15], "texture": "#0"},
				"south": {"uv": [1.5, 9, 2, 15], "texture": "#0"},
				"west": {"uv": [0.5, 9, 1, 15], "texture": "#0"},
				"up": {"uv": [10.5, 8, 11, 9], "texture": "#0"},
				"down": {"uv": [10.5, 8, 11, 9], "texture": "#0"}
			}
		},
		{
			"from": [-4.4125, 11, -3],
			"to": [-4.0125, 14, 4],
			"faces": {
				"north": {"uv": [2, 8, 3.75, 15], "texture": "#0"},
				"east": {"uv": [2, 8, 3.75, 15], "texture": "#0"},
				"south": {"uv": [2, 8, 3.75, 15], "texture": "#0"},
				"west": {"uv": [2, 8, 3.75, 15], "texture": "#0"},
				"up": {"uv": [2, 8, 3.75, 15], "texture": "#0"},
				"down": {"uv": [2, 8, 3.75, 15], "texture": "#0"}
			}
		},
		{
			"from": [-4.8125, 9, -3],
			"to": [-4.4125, 13, 4],
			"faces": {
				"north": {"uv": [2, 8, 3.75, 15], "texture": "#0"},
				"east": {"uv": [2, 8, 3.75, 15], "texture": "#0"},
				"south": {"uv": [2, 8, 3.75, 15], "texture": "#0"},
				"west": {"uv": [2, 8, 3.75, 15], "texture": "#0"},
				"up": {"uv": [2, 8, 3.75, 15], "texture": "#0"},
				"down": {"uv": [2, 8, 3.75, 15], "texture": "#0"}
			}
		},
		{
			"from": [-5.2125, 7, -3],
			"to": [-4.8125, 12, 4],
			"faces": {
				"north": {"uv": [2, 8, 3.75, 15], "texture": "#0"},
				"east": {"uv": [2, 8, 3.75, 15], "texture": "#0"},
				"south": {"uv": [2, 8, 3.75, 15], "texture": "#0"},
				"west": {"uv": [2, 8, 3.75, 15], "texture": "#0"},
				"up": {"uv": [2, 8, 3.75, 15], "texture": "#0"},
				"down": {"uv": [2, 8, 3.75, 15], "texture": "#0"}
			}
		},
		{
			"from": [-5.6125, 1, -3],
			"to": [-5.2125, 11, 4],
			"faces": {
				"north": {"uv": [2, 8, 3.75, 15], "texture": "#0"},
				"east": {"uv": [2, 8, 3.75, 15], "texture": "#0"},
				"south": {"uv": [2, 8, 3.75, 15], "texture": "#0"},
				"west": {"uv": [2, 8, 3.75, 15], "texture": "#0"},
				"up": {"uv": [2, 8, 3.75, 15], "texture": "#0"},
				"down": {"uv": [2, 8, 3.75, 15], "texture": "#0"}
			}
		},
		{
			"from": [3.95, 11, -4],
			"to": [4.35, 14, 3],
			"faces": {
				"north": {"uv": [2, 8, 3.75, 15], "texture": "#0"},
				"east": {"uv": [2, 8, 3.75, 15], "texture": "#0"},
				"south": {"uv": [2, 8, 3.75, 15], "texture": "#0"},
				"west": {"uv": [2, 8, 3.75, 15], "texture": "#0"},
				"up": {"uv": [2, 8, 3.75, 15], "texture": "#0"},
				"down": {"uv": [2, 8, 3.75, 15], "texture": "#0"}
			}
		},
		{
			"from": [4.35, 9, -4],
			"to": [4.75, 13, 3],
			"faces": {
				"north": {"uv": [2, 8, 3.75, 15], "texture": "#0"},
				"east": {"uv": [2, 8, 3.75, 15], "texture": "#0"},
				"south": {"uv": [2, 8, 3.75, 15], "texture": "#0"},
				"west": {"uv": [2, 8, 3.75, 15], "texture": "#0"},
				"up": {"uv": [2, 8, 3.75, 15], "texture": "#0"},
				"down": {"uv": [2, 8, 3.75, 15], "texture": "#0"}
			}
		},
		{
			"from": [4.75, 7, -4],
			"to": [5.15, 12, 3],
			"faces": {
				"north": {"uv": [2, 8, 3.75, 15], "texture": "#0"},
				"east": {"uv": [2, 8, 3.75, 15], "texture": "#0"},
				"south": {"uv": [2, 8, 3.75, 15], "texture": "#0"},
				"west": {"uv": [2, 8, 3.75, 15], "texture": "#0"},
				"up": {"uv": [2, 8, 3.75, 15], "texture": "#0"},
				"down": {"uv": [2, 8, 3.75, 15], "texture": "#0"}
			}
		},
		{
			"from": [5.15, 1, -4],
			"to": [5.55, 11, 3],
			"faces": {
				"north": {"uv": [2, 8, 3.75, 15], "texture": "#0"},
				"east": {"uv": [2, 8, 3.75, 15], "texture": "#0"},
				"south": {"uv": [2, 8, 3.75, 15], "texture": "#0"},
				"west": {"uv": [2, 8, 3.75, 15], "texture": "#0"},
				"up": {"uv": [2, 8, 3.75, 15], "texture": "#0"},
				"down": {"uv": [2, 8, 3.75, 15], "texture": "#0"}
			}
		},
		{
			"from": [-4, 11, 2.0125],
			"to": [4, 14, 2.4125],
			"faces": {
				"north": {"uv": [2, 8, 3.75, 15], "texture": "#0"},
				"east": {"uv": [2, 8, 3.75, 15], "texture": "#0"},
				"south": {"uv": [2, 8, 3.75, 15], "texture": "#0"},
				"west": {"uv": [2, 8, 3.75, 15], "texture": "#0"},
				"up": {"uv": [2, 8, 3.75, 15], "texture": "#0"},
				"down": {"uv": [2, 8, 3.75, 15], "texture": "#0"}
			}
		},
		{
			"from": [-4, 9, 2.4125],
			"to": [4, 13, 2.8125],
			"faces": {
				"north": {"uv": [2, 8, 3.75, 15], "texture": "#0"},
				"east": {"uv": [2, 8, 3.75, 15], "texture": "#0"},
				"south": {"uv": [2, 8, 3.75, 15], "texture": "#0"},
				"west": {"uv": [2, 8, 3.75, 15], "texture": "#0"},
				"up": {"uv": [2, 8, 3.75, 15], "texture": "#0"},
				"down": {"uv": [2, 8, 3.75, 15], "texture": "#0"}
			}
		},
		{
			"from": [-4, 7, 2.8125],
			"to": [4, 12, 3.2125],
			"faces": {
				"north": {"uv": [2, 8, 3.75, 15], "texture": "#0"},
				"east": {"uv": [2, 8, 3.75, 15], "texture": "#0"},
				"south": {"uv": [2, 8, 3.75, 15], "texture": "#0"},
				"west": {"uv": [2, 8, 3.75, 15], "texture": "#0"},
				"up": {"uv": [2, 8, 3.75, 15], "texture": "#0"},
				"down": {"uv": [2, 8, 3.75, 15], "texture": "#0"}
			}
		},
		{
			"from": [-4, 1, 3.2125],
			"to": [4, 11, 3.6125],
			"faces": {
				"north": {"uv": [2, 8, 3.75, 15], "texture": "#0"},
				"east": {"uv": [2, 8, 3.75, 15], "texture": "#0"},
				"south": {"uv": [2, 8, 3.75, 15], "texture": "#0"},
				"west": {"uv": [2, 8, 3.75, 15], "texture": "#0"},
				"up": {"uv": [2, 8, 3.75, 15], "texture": "#0"},
				"down": {"uv": [2, 8, 3.75, 15], "texture": "#0"}
			}
		},
		{
			"from": [-8, 23, -1],
			"to": [-6, 24, 1],
			"faces": {
				"north": {"uv": [8, 4, 9.75, 6], "texture": "#0"},
				"east": {"uv": [8, 4, 9.75, 6], "texture": "#0"},
				"south": {"uv": [8, 4, 9.75, 6], "texture": "#0"},
				"west": {"uv": [8, 4, 9.75, 6], "texture": "#0"},
				"up": {"uv": [8, 4, 9.75, 6], "texture": "#0"},
				"down": {"uv": [8, 4, 9.75, 6], "texture": "#0"}
			}
		},
		{
			"from": [-8, 24, -1],
			"to": [-7, 25, 1],
			"faces": {
				"north": {"uv": [8, 4, 9.75, 6], "texture": "#0"},
				"east": {"uv": [8, 4, 9.75, 6], "texture": "#0"},
				"south": {"uv": [8, 4, 9.75, 6], "texture": "#0"},
				"west": {"uv": [8, 4, 9.75, 6], "texture": "#0"},
				"up": {"uv": [8, 4, 9.75, 6], "texture": "#0"},
				"down": {"uv": [8, 4, 9.75, 6], "texture": "#0"}
			}
		},
		{
			"from": [-8, 25, 0],
			"to": [-7, 27, 1],
			"faces": {
				"north": {"uv": [8, 4, 9.75, 6], "texture": "#0"},
				"east": {"uv": [8, 4, 9.75, 6], "texture": "#0"},
				"south": {"uv": [8, 4, 9.75, 6], "texture": "#0"},
				"west": {"uv": [8, 4, 9.75, 6], "texture": "#0"},
				"up": {"uv": [8, 4, 9.75, 6], "texture": "#0"},
				"down": {"uv": [8, 4, 9.75, 6], "texture": "#0"}
			}
		},
		{
			"from": [6, 23, -1],
			"to": [8, 24, 1],
			"faces": {
				"north": {"uv": [8, 4, 9.75, 6], "texture": "#0"},
				"east": {"uv": [8, 4, 9.75, 6], "texture": "#0"},
				"south": {"uv": [8, 4, 9.75, 6], "texture": "#0"},
				"west": {"uv": [8, 4, 9.75, 6], "texture": "#0"},
				"up": {"uv": [8, 4, 9.75, 6], "texture": "#0"},
				"down": {"uv": [8, 4, 9.75, 6], "texture": "#0"}
			}
		},
		{
			"from": [7, 24, -1],
			"to": [8, 25, 1],
			"faces": {
				"north": {"uv": [8, 4, 9.75, 6], "texture": "#0"},
				"east": {"uv": [8, 4, 9.75, 6], "texture": "#0"},
				"south": {"uv": [8, 4, 9.75, 6], "texture": "#0"},
				"west": {"uv": [8, 4, 9.75, 6], "texture": "#0"},
				"up": {"uv": [8, 4, 9.75, 6], "texture": "#0"},
				"down": {"uv": [8, 4, 9.75, 6], "texture": "#0"}
			}
		},
		{
			"from": [7, 25, 0],
			"to": [8, 27, 1],
			"faces": {
				"north": {"uv": [8, 4, 9.75, 6], "texture": "#0"},
				"east": {"uv": [8, 4, 9.75, 6], "texture": "#0"},
				"south": {"uv": [8, 4, 9.75, 6], "texture": "#0"},
				"west": {"uv": [8, 4, 9.75, 6], "texture": "#0"},
				"up": {"uv": [8, 4, 9.75, 6], "texture": "#0"},
				"down": {"uv": [8, 4, 9.75, 6], "texture": "#0"}
			}
		}
	],
	"display": {
		"thirdperson_righthand": {
			"rotation": [90, 0, 0],
			"translation": [2, -10, -3.5]
		},
		"thirdperson_lefthand": {
			"rotation": [68.25, 0, 0],
			"translation": [-14, -15.55, -1]
		},
		"head": {
			"translation": [12.75, -32.05, 12.75],
			"scale": [1.6, 1.6, 1.6]
		}
	},
	"groups": [0,
		{
			"name": "body",
			"origin": [0, 24, 0],
			"shade": false,
			"children": [1, 2]
		},
		{
			"name": "rightarm",
			"origin": [-5, 22, 0],
			"shade": false,
			"children": [3]
		},
		{
			"name": "leftarm",
			"origin": [5, 22, 0],
			"shade": false,
			"children": [4]
		},
		{
			"name": "rightleg",
			"origin": [-2, 12, 0],
			"shade": false,
			"children": [5]
		},
		{
			"name": "leftleg",
			"origin": [2, 12, 0],
			"shade": false,
			"children": [6]
		},
		{
			"name": "tarpright",
			"origin": [8, 8, 8],
			"children": [7, 8, 9, 10]
		},
		{
			"name": "tarpleft",
			"origin": [8, 8, 8],
			"children": [11, 12, 13, 14]
		},
		{
			"name": "tarpback",
			"origin": [8, 8, 8],
			"children": [15, 16, 17, 18]
		},
		{
			"name": "shoulderspiker",
			"origin": [0, 0, 0],
			"children": [19, 20, 21]
		},
		{
			"name": "shoulderspikel",
			"origin": [0, 0, 0],
			"children": [22, 23]
		}
	]
}