{
	"credit": "Made with Blockbench",
	"texture_size": [32, 32],
	"textures": {
		"0": "item/speclance/base",
		"1": "item/speclance/tip",
		"particle": "item/speclance/base"
	},
	"elements": [
		{
			"from": [7, -14, 6],
			"to": [10, 21, 9],
			"faces": {
				"north": {"uv": [3.5, 0, 15.5, 16], "texture": "#0"},
				"east": {"uv": [4.5, 0, 13, 16], "texture": "#0"},
				"south": {"uv": [3, 0, 11, 16], "texture": "#0"},
				"west": {"uv": [3, 0, 15.5, 16], "texture": "#0"},
				"up": {"uv": [0, 6.5, 11, 16], "texture": "#0"},
				"down": {"uv": [0, 8, 4, 16], "texture": "#0"}
			}
		},
		{
			"from": [8, 31, 7.5],
			"to": [9, 32, 7.95],
			"faces": {
				"north": {"uv": [0, 0, 0.5, 0.5], "texture": "#1"},
				"east": {"uv": [0, 0, 0.5, 0.5], "texture": "#1"},
				"south": {"uv": [0, 0, 0.5, 0.5], "texture": "#1"},
				"west": {"uv": [0, 0, 0.5, 0.5], "texture": "#1"},
				"up": {"uv": [0, 7, 1.5, 8.5], "texture": "#1"},
				"down": {"uv": [0, 0, 0.5, 0.5], "texture": "#1"}
			}
		},
		{
			"from": [7, 30, 7.5],
			"to": [10, 31, 7.95],
			"faces": {
				"north": {"uv": [0, 0, 1.5, 0.5], "texture": "#1"},
				"east": {"uv": [0, 0, 0.225, 0.5], "texture": "#1"},
				"south": {"uv": [0, 0, 1.5, 0.5], "texture": "#1"},
				"west": {"uv": [0, 0, 0.225, 0.5], "texture": "#1"},
				"up": {"uv": [0, 0, 1.5, 0.225], "texture": "#1"},
				"down": {"uv": [0, 0, 1.5, 0.225], "texture": "#1"}
			}
		},
		{
			"from": [6, 29, 7.5],
			"to": [11, 30, 7.95],
			"faces": {
				"north": {"uv": [4, 3.5, 11, 6], "texture": "#1"},
				"east": {"uv": [0, 0, 0.5, 0.5], "texture": "#1"},
				"south": {"uv": [0, 0, 2.5, 0.5], "texture": "#1"},
				"west": {"uv": [0, 0, 0.5, 0.5], "texture": "#1"},
				"up": {"uv": [0, 0, 2.5, 0.5], "texture": "#1"},
				"down": {"uv": [0, 0, 2.5, 0.5], "texture": "#1"}
			}
		},
		{
			"from": [5, 28, 7.5],
			"to": [7, 29, 7.95],
			"faces": {
				"north": {"uv": [5.5, 3.5, 9.5, 6.5], "texture": "#1"},
				"east": {"uv": [0, 0, 0.5, 0.5], "texture": "#1"},
				"south": {"uv": [0, 0, 1, 0.5], "texture": "#1"},
				"west": {"uv": [0, 0, 0.5, 0.5], "texture": "#1"},
				"up": {"uv": [0, 0, 1, 0.5], "texture": "#1"},
				"down": {"uv": [0, 0, 1, 0.5], "texture": "#1"}
			}
		},
		{
			"from": [10, 28, 7.5],
			"to": [12, 29, 7.95],
			"faces": {
				"north": {"uv": [4.5, 3, 7.5, 7], "texture": "#1"},
				"east": {"uv": [0, 0, 0.5, 0.5], "texture": "#1"},
				"south": {"uv": [0, 0, 1, 0.5], "texture": "#1"},
				"west": {"uv": [0, 0, 0.5, 0.5], "texture": "#1"},
				"up": {"uv": [0, 0, 1, 0.5], "texture": "#1"},
				"down": {"uv": [0, 0, 1, 0.5], "texture": "#1"}
			}
		},
		{
			"from": [8, 28, 7.5],
			"to": [9, 29, 7.95],
			"faces": {
				"north": {"uv": [5, 9.5, 11, 12.5], "texture": "#1"},
				"east": {"uv": [0, 0, 0.5, 0.5], "texture": "#1"},
				"south": {"uv": [0, 0, 0.5, 0.5], "texture": "#1"},
				"west": {"uv": [0, 0, 0.5, 0.5], "texture": "#1"},
				"up": {"uv": [0, 0, 0.5, 0.5], "texture": "#1"},
				"down": {"uv": [0, 0, 0.5, 0.5], "texture": "#1"}
			}
		},
		{
			"from": [7, 27, 7.5],
			"to": [10, 28, 7.95],
			"faces": {
				"north": {"uv": [0, 0, 4.5, 4], "texture": "#1"},
				"east": {"uv": [0, 0, 0.5, 0.5], "texture": "#1"},
				"south": {"uv": [4.5, 5.5, 6, 8.5], "texture": "#1"},
				"west": {"uv": [0, 0, 0.5, 0.5], "texture": "#1"},
				"up": {"uv": [0, 0, 1.5, 0.5], "texture": "#1"},
				"down": {"uv": [0, 0, 1.5, 0.5], "texture": "#1"}
			}
		},
		{
			"from": [8, 24, 7.5],
			"to": [9, 27, 7.95],
			"faces": {
				"north": {"uv": [4, 3, 8, 4], "texture": "#1"},
				"east": {"uv": [0, 0, 0.5, 1], "texture": "#1"},
				"south": {"uv": [0.5, 7.5, 1, 8.5], "texture": "#1"},
				"west": {"uv": [0, 0, 0.5, 1], "texture": "#1"},
				"up": {"uv": [0, 0, 0.5, 0.5], "texture": "#1"},
				"down": {"uv": [0, 0, 0.5, 0.5], "texture": "#1"}
			}
		},
		{
			"from": [5, 26, 7.5],
			"to": [7, 27, 7.95],
			"faces": {
				"north": {"uv": [0, 0, 12, 12], "texture": "#1"},
				"east": {"uv": [0, 0, 0.5, 0.5], "texture": "#1"},
				"south": {"uv": [1, 14.5, 3, 15.5], "texture": "#1"},
				"west": {"uv": [0, 0, 1.5, 1], "texture": "#1"},
				"up": {"uv": [0, 0, 1, 0.5], "texture": "#1"},
				"down": {"uv": [0, 0, 1, 0.5], "texture": "#1"}
			}
		},
		{
			"from": [10, 26, 7.5],
			"to": [12, 27, 7.95],
			"faces": {
				"north": {"uv": [10.5, 11, 14.5, 16], "texture": "#1"},
				"east": {"uv": [0, 0, 0.5, 0.5], "texture": "#1"},
				"south": {"uv": [5, 6, 7, 10], "texture": "#1"},
				"west": {"uv": [0, 0, 0.5, 0.5], "texture": "#1"},
				"up": {"uv": [0, 0, 1, 0.5], "texture": "#1"},
				"down": {"uv": [0, 0, 1, 0.5], "texture": "#1"}
			}
		},
		{
			"from": [5, 27, 7.5],
			"to": [6, 28, 7.95],
			"faces": {
				"north": {"uv": [0, 0, 15, 2.5], "texture": "#1"},
				"east": {"uv": [0, 0, 0.5, 0.5], "texture": "#1"},
				"south": {"uv": [0, 0, 1, 0.5], "texture": "#1"},
				"west": {"uv": [0, 0, 0.5, 11.5], "texture": "#1"},
				"up": {"uv": [0, 0, 1, 0.5], "texture": "#1"},
				"down": {"uv": [0, 0, 1, 0.5], "texture": "#1"}
			}
		},
		{
			"from": [11, 27, 7.5],
			"to": [12, 28, 7.95],
			"faces": {
				"north": {"uv": [5, 8.5, 9, 12.5], "texture": "#1"},
				"east": {"uv": [0, 0, 0.5, 0.5], "texture": "#1"},
				"south": {"uv": [0, 0, 15.5, 15.5], "texture": "#1"},
				"west": {"uv": [0, 0, 0.5, 0.5], "texture": "#1"},
				"up": {"uv": [0, 0, 1, 0.5], "texture": "#1"},
				"down": {"uv": [0, 0, 1, 0.5], "texture": "#1"}
			}
		},
		{
			"from": [10, 24, 7.5],
			"to": [12, 26, 7.95],
			"faces": {
				"north": {"uv": [0, 0, 2.5, 9.5], "texture": "#1"},
				"east": {"uv": [0, 0, 0.5, 0.5], "texture": "#1"},
				"south": {"uv": [0, 0, 8.5, 5], "texture": "#1"},
				"west": {"uv": [0, 0, 0.5, 0.5], "texture": "#1"},
				"up": {"uv": [0, 0, 1, 0.5], "texture": "#1"},
				"down": {"uv": [0, 0, 1, 0.5], "texture": "#1"}
			}
		},
		{
			"from": [5, 24, 7.5],
			"to": [7, 26, 7.95],
			"faces": {
				"north": {"uv": [0, 4.5, 4, 10], "texture": "#1"},
				"east": {"uv": [0, 0, 0.5, 0.5], "texture": "#1"},
				"south": {"uv": [4, 14.5, 6, 16], "texture": "#1"},
				"west": {"uv": [4.5, 4, 5.5, 7], "texture": "#1"},
				"up": {"uv": [0, 0, 1, 0.5], "texture": "#1"},
				"down": {"uv": [0, 0, 1, 0.5], "texture": "#1"}
			}
		},
		{
			"from": [5, 21, 7.5],
			"to": [12, 24, 7.95],
			"faces": {
				"north": {"uv": [4.5, 8.5, 9.5, 13], "texture": "#1"},
				"east": {"uv": [0, 0, 0.5, 1], "texture": "#1"},
				"south": {"uv": [4.5, 3, 12, 7.5], "texture": "#1"},
				"west": {"uv": [11, 0.5, 12.5, 3], "texture": "#1"},
				"up": {"uv": [0, 0, 2.5, 0.5], "texture": "#1"},
				"down": {"uv": [0, 0, 2.5, 0.5], "texture": "#1"}
			}
		},
		{
			"from": [6, 14, 7.5],
			"to": [7, 21, 7.95],
			"faces": {
				"north": {"uv": [0.5, 6.5, 2, 11.5], "texture": "#1"},
				"east": {"uv": [0, 0, 0.5, 3.5], "texture": "#1"},
				"south": {"uv": [0, 0, 0.5, 3.5], "texture": "#1"},
				"west": {"uv": [0, 0, 0.5, 3.5], "texture": "#1"},
				"up": {"uv": [0, 0, 0.5, 0.5], "texture": "#1"},
				"down": {"uv": [0, 0, 0.5, 0.5], "texture": "#1"}
			}
		},
		{
			"from": [5, 15, 7.5],
			"to": [6, 20, 7.95],
			"faces": {
				"north": {"uv": [0, 6, 2.5, 13.5], "texture": "#1"},
				"east": {"uv": [0, 0, 0.5, 2.5], "texture": "#1"},
				"south": {"uv": [0.5, 6.5, 1.5, 10.5], "texture": "#1"},
				"west": {"uv": [0, 0, 0.5, 2.5], "texture": "#1"},
				"up": {"uv": [0, 0, 0.5, 0.5], "texture": "#1"},
				"down": {"uv": [0.5, 7, 2, 8.5], "texture": "#1"}
			}
		},
		{
			"from": [11, 15, 7.5],
			"to": [12, 20, 7.95],
			"faces": {
				"north": {"uv": [1, 10.5, 2.5, 13.5], "texture": "#1"},
				"east": {"uv": [0, 0, 0.5, 2.5], "texture": "#1"},
				"south": {"uv": [0, 6.5, 2, 11.5], "texture": "#1"},
				"west": {"uv": [0, 0, 0.5, 2.5], "texture": "#1"},
				"up": {"uv": [0, 0, 0.5, 0.5], "texture": "#1"},
				"down": {"uv": [0, 0, 0.5, 8], "texture": "#1"}
			}
		},
		{
			"from": [10, 14, 7.5],
			"to": [11, 21, 7.95],
			"faces": {
				"north": {"uv": [0, 0, 0.5, 3.5], "texture": "#1"},
				"east": {"uv": [0, 0, 0.225, 3.5], "texture": "#1"},
				"south": {"uv": [0, 0, 0.5, 3.5], "texture": "#1"},
				"west": {"uv": [0, 0, 0.225, 3.5], "texture": "#1"},
				"up": {"uv": [0, 0, 0.5, 0.225], "texture": "#1"},
				"down": {"uv": [0, 0, 0.5, 0.225], "texture": "#1"}
			}
		}
	],
	"display": {
		"thirdperson_righthand": {
			"rotation": [-11, 0, 0],
			"translation": [0, 3.25, 0.5],
			"scale": [0.8, 0.8, 0.8]
		},
		"thirdperson_lefthand": {
			"translation": [0.5, 0, 0.75],
			"scale": [0.8, 0.8, 0.8]
		},
		"firstperson_righthand": {
			"rotation": [-31.5, 0, 0],
			"translation": [0, -6.5, 0]
		},
		"firstperson_lefthand": {
			"rotation": [-30, 0, 0]
		},
		"ground": {
			"rotation": [14, 0, 0],
			"translation": [0, 14.5, 2.75],
			"scale": [0.8, 0.8, 1]
		},
		"gui": {
			"rotation": [0, 0, 46.25],
			"translation": [0, 0, 8],
			"scale": [0.5, 0.5, 0.5]
		},
		"fixed": {
			"rotation": [0, 0, 43.75],
			"translation": [0, 0, -1.5]
		}
	},
	"groups": [
		{
			"name": "lanceBody",
			"origin": [0, 0, 0],
			"color": 0,
			"children": [0]
		},
		1,
		2,
		3,
		4,
		5,
		6,
		7,
		8,
		9,
		10,
		11,
		12,
		13,
		14,
		15,
		16,
		17,
		18,
		19,
		{
			"name": "lanceTip",
			"origin": [8, 8, 8],
			"color": 0,
			"children": []
		}
	]
}