{
	"credit": "Made with Blockbench",
	"texture_size": [128, 128],
	"textures": {
		"0": "item/bingus/bingus_tex",
		"particle": "item/bingus/bingus_tex"
	},
	"elements": [
		{
			"from": [0, 11, 4],
			"to": [4, 15, 8],
			"faces": {
				"north": {"uv": [0.5, 11, 1, 11.5], "texture": "#0"},
				"east": {"uv": [0, 11, 0.5, 11.5], "texture": "#0"},
				"south": {"uv": [1.5, 11, 2, 11.5], "texture": "#0"},
				"west": {"uv": [1, 11, 1.5, 11.5], "texture": "#0"},
				"up": {"uv": [1, 11, 0.5, 10.5], "texture": "#0"},
				"down": {"uv": [1.5, 10.5, 1, 11], "texture": "#0"}
			}
		},
		{
			"from": [-3, -1, 3],
			"to": [3, 14, 9],
			"faces": {
				"north": {"uv": [7.75, 7.25, 8.5, 9.125], "texture": "#0"},
				"east": {"uv": [7, 7.25, 7.75, 9.125], "texture": "#0"},
				"south": {"uv": [9.25, 7.25, 10, 9.125], "texture": "#0"},
				"west": {"uv": [8.5, 7.25, 9.25, 9.125], "texture": "#0"},
				"up": {"uv": [8.5, 7.25, 7.75, 6.5], "texture": "#0"},
				"down": {"uv": [9.25, 6.5, 8.5, 7.25], "texture": "#0"}
			}
		},
		{
			"from": [13, -3, 7],
			"to": [19, 12, 13],
			"faces": {
				"north": {"uv": [7.75, 7.25, 8.5, 9.125], "texture": "#0"},
				"east": {"uv": [7, 7.25, 7.75, 9.125], "texture": "#0"},
				"south": {"uv": [9.25, 7.25, 10, 9.125], "texture": "#0"},
				"west": {"uv": [8.5, 7.25, 9.25, 9.125], "texture": "#0"},
				"up": {"uv": [8.5, 7.25, 7.75, 6.5], "texture": "#0"},
				"down": {"uv": [9.25, 6.5, 8.5, 7.25], "texture": "#0"}
			}
		},
		{
			"from": [12, 11, 8],
			"to": [16, 15, 12],
			"faces": {
				"north": {"uv": [0.5, 11, 1, 11.5], "texture": "#0"},
				"east": {"uv": [0, 11, 0.5, 11.5], "texture": "#0"},
				"south": {"uv": [1.5, 11, 2, 11.5], "texture": "#0"},
				"west": {"uv": [1, 11, 1.5, 11.5], "texture": "#0"},
				"up": {"uv": [1, 11, 0.5, 10.5], "texture": "#0"},
				"down": {"uv": [1.5, 10.5, 1, 11], "texture": "#0"}
			}
		},
		{
			"from": [4, 14, 3],
			"to": [12, 15, 11],
			"faces": {
				"north": {"uv": [1.5, 1.5, 2.5, 1.625], "texture": "#0"},
				"east": {"uv": [0.5, 1.5, 1.5, 1.625], "texture": "#0"},
				"south": {"uv": [3.5, 1.5, 4.5, 1.625], "texture": "#0"},
				"west": {"uv": [2.5, 1.5, 3.5, 1.625], "texture": "#0"},
				"up": {"uv": [2.5, 1.5, 1.5, 0.5], "texture": "#0"},
				"down": {"uv": [3.5, 0.5, 2.5, 1.5], "texture": "#0"}
			}
		},
		{
			"from": [3, 15, 2],
			"to": [13, 16, 12],
			"faces": {
				"north": {"uv": [1.5, 1.5, 2.75, 1.625], "texture": "#0"},
				"east": {"uv": [0.25, 1.5, 1.5, 1.625], "texture": "#0"},
				"south": {"uv": [4, 1.5, 5.25, 1.625], "texture": "#0"},
				"west": {"uv": [2.75, 1.5, 4, 1.625], "texture": "#0"},
				"up": {"uv": [2.75, 1.5, 1.5, 0.25], "texture": "#0"},
				"down": {"uv": [4, 0.25, 2.75, 1.5], "texture": "#0"}
			}
		},
		{
			"from": [4, 28, 3],
			"to": [12, 29, 11],
			"faces": {
				"north": {"uv": [1.5, 1.5, 2.5, 1.625], "texture": "#0"},
				"east": {"uv": [0.5, 1.5, 1.5, 1.625], "texture": "#0"},
				"south": {"uv": [3.5, 1.5, 4.5, 1.625], "texture": "#0"},
				"west": {"uv": [2.5, 1.5, 3.5, 1.625], "texture": "#0"},
				"up": {"uv": [2.5, 1.5, 1.5, 0.5], "texture": "#0"},
				"down": {"uv": [3.5, 0.5, 2.5, 1.5], "texture": "#0"}
			}
		},
		{
			"from": [6, 29, 5],
			"to": [10, 30, 9],
			"faces": {
				"north": {"uv": [1.5, 1.5, 2, 1.625], "texture": "#0"},
				"east": {"uv": [1, 1.5, 1.5, 1.625], "texture": "#0"},
				"south": {"uv": [2.5, 1.5, 3, 1.625], "texture": "#0"},
				"west": {"uv": [2, 1.5, 2.5, 1.625], "texture": "#0"},
				"up": {"uv": [2, 1.5, 1.5, 1], "texture": "#0"},
				"down": {"uv": [2.5, 1, 2, 1.5], "texture": "#0"}
			}
		},
		{
			"from": [2, 16, 1],
			"to": [14, 17, 13],
			"faces": {
				"north": {"uv": [1.5, 1.5, 3, 1.625], "texture": "#0"},
				"east": {"uv": [0, 1.5, 1.5, 1.625], "texture": "#0"},
				"south": {"uv": [4.5, 1.5, 6, 1.625], "texture": "#0"},
				"west": {"uv": [3, 1.5, 4.5, 1.625], "texture": "#0"},
				"up": {"uv": [3, 1.5, 1.5, 0], "texture": "#0"},
				"down": {"uv": [4.5, 0, 3, 1.5], "texture": "#0"}
			}
		},
		{
			"from": [12, 17, 1],
			"to": [14, 28, 13],
			"faces": {
				"north": {"uv": [6.125, 1.75, 6.375, 3.125], "texture": "#0"},
				"east": {"uv": [4.625, 1.75, 6.125, 3.125], "texture": "#0"},
				"south": {"uv": [7.875, 1.75, 8.125, 3.125], "texture": "#0"},
				"west": {"uv": [6.375, 1.75, 7.875, 3.125], "texture": "#0"},
				"up": {"uv": [6.375, 1.75, 6.125, 0.25], "texture": "#0"},
				"down": {"uv": [6.625, 0.25, 6.375, 1.75], "texture": "#0"}
			}
		},
		{
			"from": [14, 18, 3],
			"to": [15, 26, 11],
			"faces": {
				"north": {"uv": [6.125, 1.75, 6.25, 2.75], "texture": "#0"},
				"east": {"uv": [5.125, 1.75, 6.125, 2.75], "texture": "#0"},
				"south": {"uv": [7.25, 1.75, 7.375, 2.75], "texture": "#0"},
				"west": {"uv": [6.25, 1.75, 7.25, 2.75], "texture": "#0"},
				"up": {"uv": [6.25, 1.75, 6.125, 0.75], "texture": "#0"},
				"down": {"uv": [6.375, 0.75, 6.25, 1.75], "texture": "#0"}
			}
		},
		{
			"from": [15, 20, 5],
			"to": [16, 24, 9],
			"faces": {
				"north": {"uv": [6.125, 1.75, 6.25, 2.25], "texture": "#0"},
				"east": {"uv": [5.625, 1.75, 6.125, 2.25], "texture": "#0"},
				"south": {"uv": [6.75, 1.75, 6.875, 2.25], "texture": "#0"},
				"west": {"uv": [6.25, 1.75, 6.75, 2.25], "texture": "#0"},
				"up": {"uv": [6.25, 1.75, 6.125, 1.25], "texture": "#0"},
				"down": {"uv": [6.375, 1.25, 6.25, 1.75], "texture": "#0"}
			}
		},
		{
			"from": [0, 20, 5],
			"to": [1, 24, 9],
			"faces": {
				"north": {"uv": [6.125, 1.75, 6.25, 2.25], "texture": "#0"},
				"east": {"uv": [5.625, 1.75, 6.125, 2.25], "texture": "#0"},
				"south": {"uv": [6.75, 1.75, 6.875, 2.25], "texture": "#0"},
				"west": {"uv": [6.25, 1.75, 6.75, 2.25], "texture": "#0"},
				"up": {"uv": [6.25, 1.75, 6.125, 1.25], "texture": "#0"},
				"down": {"uv": [6.375, 1.25, 6.25, 1.75], "texture": "#0"}
			}
		},
		{
			"from": [1, 18, 3],
			"to": [2, 26, 11],
			"faces": {
				"north": {"uv": [6.125, 1.75, 6.25, 2.75], "texture": "#0"},
				"east": {"uv": [5.125, 1.75, 6.125, 2.75], "texture": "#0"},
				"south": {"uv": [7.25, 1.75, 7.375, 2.75], "texture": "#0"},
				"west": {"uv": [6.25, 1.75, 7.25, 2.75], "texture": "#0"},
				"up": {"uv": [6.25, 1.75, 6.125, 0.75], "texture": "#0"},
				"down": {"uv": [6.375, 0.75, 6.25, 1.75], "texture": "#0"}
			}
		},
		{
			"from": [4, 18, 13],
			"to": [12, 26, 14],
			"faces": {
				"north": {"uv": [10.25, 6.625, 11.25, 7.625], "texture": "#0"},
				"east": {"uv": [10.125, 6.625, 10.25, 7.625], "texture": "#0"},
				"south": {"uv": [11.375, 6.625, 12.375, 7.625], "texture": "#0"},
				"west": {"uv": [11.25, 6.625, 11.375, 7.625], "texture": "#0"},
				"up": {"uv": [11.25, 6.625, 10.25, 6.5], "texture": "#0"},
				"down": {"uv": [12.25, 6.5, 11.25, 6.625], "texture": "#0"}
			}
		},
		{
			"from": [6, 20, 14],
			"to": [10, 24, 15],
			"faces": {
				"north": {"uv": [10.25, 7.125, 10.75, 7.625], "texture": "#0"},
				"east": {"uv": [10.125, 7.125, 10.25, 7.625], "texture": "#0"},
				"south": {"uv": [10.875, 7.125, 11.375, 7.625], "texture": "#0"},
				"west": {"uv": [10.75, 7.125, 10.875, 7.625], "texture": "#0"},
				"up": {"uv": [10.75, 7.125, 10.25, 7], "texture": "#0"},
				"down": {"uv": [11.25, 7, 10.75, 7.125], "texture": "#0"}
			}
		},
		{
			"from": [2, 17, 1],
			"to": [4, 28, 13],
			"faces": {
				"north": {"uv": [6.125, 1.75, 6.375, 3.125], "texture": "#0"},
				"east": {"uv": [4.625, 1.75, 6.125, 3.125], "texture": "#0"},
				"south": {"uv": [7.875, 1.75, 8.125, 3.125], "texture": "#0"},
				"west": {"uv": [6.375, 1.75, 7.875, 3.125], "texture": "#0"},
				"up": {"uv": [6.375, 1.75, 6.125, 0.25], "texture": "#0"},
				"down": {"uv": [6.625, 0.25, 6.375, 1.75], "texture": "#0"}
			}
		},
		{
			"from": [4, 17, 11],
			"to": [12, 28, 13],
			"faces": {
				"north": {"uv": [10.125, 4.75, 11.125, 6.125], "texture": "#0"},
				"east": {"uv": [9.875, 4.75, 10.125, 6.125], "texture": "#0"},
				"south": {"uv": [11.375, 4.75, 12.375, 6.125], "texture": "#0"},
				"west": {"uv": [11.125, 4.75, 11.375, 6.125], "texture": "#0"},
				"up": {"uv": [11.125, 4.75, 10.125, 4.5], "texture": "#0"},
				"down": {"uv": [12.125, 4.5, 11.125, 4.75], "texture": "#0"}
			}
		},
		{
			"from": [4, 25, 1],
			"to": [12, 28, 11],
			"faces": {
				"north": {"uv": [2.5, 1.25, 3.5, 1.625], "texture": "#0"},
				"east": {"uv": [1.25, 1.25, 2.5, 1.625], "texture": "#0"},
				"south": {"uv": [4.75, 1.25, 5.75, 1.625], "texture": "#0"},
				"west": {"uv": [3.5, 1.25, 4.75, 1.625], "texture": "#0"},
				"up": {"uv": [3.5, 1.25, 2.5, 0], "texture": "#0"},
				"down": {"uv": [4.5, 0, 3.5, 1.25], "texture": "#0"}
			}
		},
		{
			"from": [5, 26, -1],
			"to": [11, 32, 4],
			"faces": {
				"north": {"uv": [6.375, 9.875, 7.125, 10.625], "texture": "#0"},
				"east": {"uv": [5.75, 9.875, 6.375, 10.625], "texture": "#0"},
				"south": {"uv": [7.75, 9.875, 8.5, 10.625], "texture": "#0"},
				"west": {"uv": [7.125, 9.875, 7.75, 10.625], "texture": "#0"},
				"up": {"uv": [7.125, 9.875, 6.375, 9.25], "texture": "#0"},
				"down": {"uv": [7.875, 9.25, 7.125, 9.875], "texture": "#0"}
			}
		},
		{
			"from": [5, 26, -2],
			"to": [11, 30, -1],
			"faces": {
				"north": {"uv": [5.875, 6.625, 6.625, 7.125], "texture": "#0"},
				"east": {"uv": [5.75, 6.625, 5.875, 7.125], "texture": "#0"},
				"south": {"uv": [6.75, 6.625, 7.5, 7.125], "texture": "#0"},
				"west": {"uv": [6.625, 6.625, 6.75, 7.125], "texture": "#0"},
				"up": {"uv": [6.625, 6.625, 5.875, 6.5], "texture": "#0"},
				"down": {"uv": [7.375, 6.5, 6.625, 6.625], "texture": "#0"}
			}
		},
		{
			"from": [5, 31, -2],
			"to": [11, 32, -1],
			"faces": {
				"north": {"uv": [6.875, 1.375, 7.625, 1.5], "texture": "#0"},
				"east": {"uv": [6.75, 1.375, 6.875, 1.5], "texture": "#0"},
				"south": {"uv": [7.75, 1.375, 8.5, 1.5], "texture": "#0"},
				"west": {"uv": [7.625, 1.375, 7.75, 1.5], "texture": "#0"},
				"up": {"uv": [7.625, 1.375, 6.875, 1.25], "texture": "#0"},
				"down": {"uv": [8.375, 1.25, 7.625, 1.375], "texture": "#0"}
			}
		},
		{
			"from": [10, 30, -2],
			"to": [11, 31, -1],
			"faces": {
				"north": {"uv": [4.25, 3.25, 4.375, 3.375], "texture": "#0"},
				"east": {"uv": [4.125, 3.25, 4.25, 3.375], "texture": "#0"},
				"south": {"uv": [4.5, 3.25, 4.625, 3.375], "texture": "#0"},
				"west": {"uv": [4.375, 3.25, 4.5, 3.375], "texture": "#0"},
				"up": {"uv": [4.375, 3.25, 4.25, 3.125], "texture": "#0"},
				"down": {"uv": [4.5, 3.125, 4.375, 3.25], "texture": "#0"}
			}
		},
		{
			"from": [5, 30, -2],
			"to": [6, 31, -1],
			"faces": {
				"north": {"uv": [4.25, 3.25, 4.375, 3.375], "texture": "#0"},
				"east": {"uv": [4.125, 3.25, 4.25, 3.375], "texture": "#0"},
				"south": {"uv": [4.5, 3.25, 4.625, 3.375], "texture": "#0"},
				"west": {"uv": [4.375, 3.25, 4.5, 3.375], "texture": "#0"},
				"up": {"uv": [4.375, 3.25, 4.25, 3.125], "texture": "#0"},
				"down": {"uv": [4.5, 3.125, 4.375, 3.25], "texture": "#0"}
			}
		},
		{
			"from": [7.5, 30, -2],
			"to": [8.5, 31, -1],
			"faces": {
				"north": {"uv": [4.25, 3.25, 4.375, 3.375], "texture": "#0"},
				"east": {"uv": [4.125, 3.25, 4.25, 3.375], "texture": "#0"},
				"south": {"uv": [4.5, 3.25, 4.625, 3.375], "texture": "#0"},
				"west": {"uv": [4.375, 3.25, 4.5, 3.375], "texture": "#0"},
				"up": {"uv": [4.375, 3.25, 4.25, 3.125], "texture": "#0"},
				"down": {"uv": [4.5, 3.125, 4.375, 3.25], "texture": "#0"}
			}
		},
		{
			"name": "core",
			"from": [4, 17, 6],
			"to": [12, 25, 10],
			"faces": {
				"north": {"uv": [8.75, 1.75, 9.75, 2.75], "texture": "#0"},
				"east": {"uv": [8.25, 1.75, 8.75, 2.75], "texture": "#0"},
				"south": {"uv": [10.25, 1.75, 11.25, 2.75], "texture": "#0"},
				"west": {"uv": [9.75, 1.75, 10.25, 2.75], "texture": "#0"},
				"up": {"uv": [9.75, 1.75, 8.75, 1.25], "texture": "#0"},
				"down": {"uv": [10.75, 1.25, 9.75, 1.75], "texture": "#0"}
			}
		},
		{
			"from": [4, 17, 2],
			"to": [12, 18, 3],
			"faces": {
				"north": {"uv": [9.5, 4, 10.5, 4.125], "texture": "#0"},
				"east": {"uv": [9.375, 4, 9.5, 4.125], "texture": "#0"},
				"south": {"uv": [10.625, 4, 11.625, 4.125], "texture": "#0"},
				"west": {"uv": [10.5, 4, 10.625, 4.125], "texture": "#0"},
				"up": {"uv": [10.5, 4, 9.5, 3.875], "texture": "#0"},
				"down": {"uv": [11.5, 3.875, 10.5, 4], "texture": "#0"}
			}
		},
		{
			"from": [8.5, 18, 3],
			"to": [11, 19, 4],
			"faces": {
				"north": {"uv": [0.125, 1.25, 0.375, 1.375], "texture": "#0"},
				"east": {"uv": [0, 1.25, 0.125, 1.375], "texture": "#0"},
				"south": {"uv": [0.5, 1.25, 0.75, 1.375], "texture": "#0"},
				"west": {"uv": [0.375, 1.25, 0.5, 1.375], "texture": "#0"},
				"up": {"uv": [0.375, 1.25, 0.125, 1.125], "texture": "#0"},
				"down": {"uv": [0.625, 1.125, 0.375, 1.25], "texture": "#0"}
			}
		},
		{
			"from": [9, 19, 4],
			"to": [10, 20, 5],
			"faces": {
				"north": {"uv": [6.375, 3.375, 6.5, 3.5], "texture": "#0"},
				"east": {"uv": [6.25, 3.375, 6.375, 3.5], "texture": "#0"},
				"south": {"uv": [6.625, 3.375, 6.75, 3.5], "texture": "#0"},
				"west": {"uv": [6.5, 3.375, 6.625, 3.5], "texture": "#0"},
				"up": {"uv": [6.5, 3.375, 6.375, 3.25], "texture": "#0"},
				"down": {"uv": [6.625, 3.25, 6.5, 3.375], "texture": "#0"}
			}
		},
		{
			"from": [6, 19, 4],
			"to": [7, 20, 5],
			"faces": {
				"north": {"uv": [6.375, 3.375, 6.5, 3.5], "texture": "#0"},
				"east": {"uv": [6.25, 3.375, 6.375, 3.5], "texture": "#0"},
				"south": {"uv": [6.625, 3.375, 6.75, 3.5], "texture": "#0"},
				"west": {"uv": [6.5, 3.375, 6.625, 3.5], "texture": "#0"},
				"up": {"uv": [6.5, 3.375, 6.375, 3.25], "texture": "#0"},
				"down": {"uv": [6.625, 3.25, 6.5, 3.375], "texture": "#0"}
			}
		},
		{
			"from": [6, 22, 4],
			"to": [7, 23, 5],
			"faces": {
				"north": {"uv": [6.375, 3.375, 6.5, 3.5], "texture": "#0"},
				"east": {"uv": [6.25, 3.375, 6.375, 3.5], "texture": "#0"},
				"south": {"uv": [6.625, 3.375, 6.75, 3.5], "texture": "#0"},
				"west": {"uv": [6.5, 3.375, 6.625, 3.5], "texture": "#0"},
				"up": {"uv": [6.5, 3.375, 6.375, 3.25], "texture": "#0"},
				"down": {"uv": [6.625, 3.25, 6.5, 3.375], "texture": "#0"}
			}
		},
		{
			"from": [9, 22, 4],
			"to": [10, 23, 5],
			"faces": {
				"north": {"uv": [6.375, 3.375, 6.5, 3.5], "texture": "#0"},
				"east": {"uv": [6.25, 3.375, 6.375, 3.5], "texture": "#0"},
				"south": {"uv": [6.625, 3.375, 6.75, 3.5], "texture": "#0"},
				"west": {"uv": [6.5, 3.375, 6.625, 3.5], "texture": "#0"},
				"up": {"uv": [6.5, 3.375, 6.375, 3.25], "texture": "#0"},
				"down": {"uv": [6.625, 3.25, 6.5, 3.375], "texture": "#0"}
			}
		},
		{
			"from": [8.5, 23, 3],
			"to": [11, 24, 4],
			"faces": {
				"north": {"uv": [0.125, 1.25, 0.375, 1.375], "texture": "#0"},
				"east": {"uv": [0, 1.25, 0.125, 1.375], "texture": "#0"},
				"south": {"uv": [0.5, 1.25, 0.75, 1.375], "texture": "#0"},
				"west": {"uv": [0.375, 1.25, 0.5, 1.375], "texture": "#0"},
				"up": {"uv": [0.375, 1.25, 0.125, 1.125], "texture": "#0"},
				"down": {"uv": [0.625, 1.125, 0.375, 1.25], "texture": "#0"}
			}
		},
		{
			"from": [10, 21.5, 3],
			"to": [11, 23, 4],
			"faces": {
				"north": {"uv": [6.875, 0.5, 7, 0.625], "texture": "#0"},
				"east": {"uv": [6.75, 0.5, 6.875, 0.625], "texture": "#0"},
				"south": {"uv": [7.125, 0.5, 7.25, 0.625], "texture": "#0"},
				"west": {"uv": [7, 0.5, 7.125, 0.625], "texture": "#0"},
				"up": {"uv": [7, 0.5, 6.875, 0.375], "texture": "#0"},
				"down": {"uv": [7.125, 0.375, 7, 0.5], "texture": "#0"}
			}
		},
		{
			"from": [5, 21.5, 3],
			"to": [6, 23, 4],
			"faces": {
				"north": {"uv": [6.875, 0.5, 7, 0.625], "texture": "#0"},
				"east": {"uv": [6.75, 0.5, 6.875, 0.625], "texture": "#0"},
				"south": {"uv": [7.125, 0.5, 7.25, 0.625], "texture": "#0"},
				"west": {"uv": [7, 0.5, 7.125, 0.625], "texture": "#0"},
				"up": {"uv": [7, 0.5, 6.875, 0.375], "texture": "#0"},
				"down": {"uv": [7.125, 0.375, 7, 0.5], "texture": "#0"}
			}
		},
		{
			"from": [10, 19, 3],
			"to": [11, 20.5, 4],
			"faces": {
				"north": {"uv": [6.875, 0.5, 7, 0.625], "texture": "#0"},
				"east": {"uv": [6.75, 0.5, 6.875, 0.625], "texture": "#0"},
				"south": {"uv": [7.125, 0.5, 7.25, 0.625], "texture": "#0"},
				"west": {"uv": [7, 0.5, 7.125, 0.625], "texture": "#0"},
				"up": {"uv": [7, 0.5, 6.875, 0.375], "texture": "#0"},
				"down": {"uv": [7.125, 0.375, 7, 0.5], "texture": "#0"}
			}
		},
		{
			"from": [5, 19, 3],
			"to": [6, 20.5, 4],
			"faces": {
				"north": {"uv": [6.875, 0.5, 7, 0.625], "texture": "#0"},
				"east": {"uv": [6.75, 0.5, 6.875, 0.625], "texture": "#0"},
				"south": {"uv": [7.125, 0.5, 7.25, 0.625], "texture": "#0"},
				"west": {"uv": [7, 0.5, 7.125, 0.625], "texture": "#0"},
				"up": {"uv": [7, 0.5, 6.875, 0.375], "texture": "#0"},
				"down": {"uv": [7.125, 0.375, 7, 0.5], "texture": "#0"}
			}
		},
		{
			"from": [5, 18, 3],
			"to": [7.5, 19, 4],
			"faces": {
				"north": {"uv": [0.125, 1.25, 0.375, 1.375], "texture": "#0"},
				"east": {"uv": [0, 1.25, 0.125, 1.375], "texture": "#0"},
				"south": {"uv": [0.5, 1.25, 0.75, 1.375], "texture": "#0"},
				"west": {"uv": [0.375, 1.25, 0.5, 1.375], "texture": "#0"},
				"up": {"uv": [0.375, 1.25, 0.125, 1.125], "texture": "#0"},
				"down": {"uv": [0.625, 1.125, 0.375, 1.25], "texture": "#0"}
			}
		},
		{
			"from": [5, 23, 3],
			"to": [7.5, 24, 4],
			"faces": {
				"north": {"uv": [0.125, 1.25, 0.375, 1.375], "texture": "#0"},
				"east": {"uv": [0, 1.25, 0.125, 1.375], "texture": "#0"},
				"south": {"uv": [0.5, 1.25, 0.75, 1.375], "texture": "#0"},
				"west": {"uv": [0.375, 1.25, 0.5, 1.375], "texture": "#0"},
				"up": {"uv": [0.375, 1.25, 0.125, 1.125], "texture": "#0"},
				"down": {"uv": [0.625, 1.125, 0.375, 1.25], "texture": "#0"}
			}
		},
		{
			"from": [4, 24, 2],
			"to": [12, 25, 3],
			"faces": {
				"north": {"uv": [9.5, 4, 10.5, 4.125], "texture": "#0"},
				"east": {"uv": [9.375, 4, 9.5, 4.125], "texture": "#0"},
				"south": {"uv": [10.625, 4, 11.625, 4.125], "texture": "#0"},
				"west": {"uv": [10.5, 4, 10.625, 4.125], "texture": "#0"},
				"up": {"uv": [10.5, 4, 9.5, 3.875], "texture": "#0"},
				"down": {"uv": [11.5, 3.875, 10.5, 4], "texture": "#0"}
			}
		},
		{
			"from": [11, 18, 2],
			"to": [12, 24, 3],
			"faces": {
				"north": {"uv": [0.125, 1.875, 0.25, 2.625], "texture": "#0"},
				"east": {"uv": [0, 1.875, 0.125, 2.625], "texture": "#0"},
				"south": {"uv": [0.375, 1.875, 0.5, 2.625], "texture": "#0"},
				"west": {"uv": [0.25, 1.875, 0.375, 2.625], "texture": "#0"},
				"up": {"uv": [0.25, 1.875, 0.125, 1.75], "texture": "#0"},
				"down": {"uv": [0.375, 1.75, 0.25, 1.875], "texture": "#0"}
			}
		},
		{
			"from": [4, 18, 2],
			"to": [5, 24, 3],
			"faces": {
				"north": {"uv": [0.125, 1.875, 0.25, 2.625], "texture": "#0"},
				"east": {"uv": [0, 1.875, 0.125, 2.625], "texture": "#0"},
				"south": {"uv": [0.375, 1.875, 0.5, 2.625], "texture": "#0"},
				"west": {"uv": [0.25, 1.875, 0.375, 2.625], "texture": "#0"},
				"up": {"uv": [0.25, 1.875, 0.125, 1.75], "texture": "#0"},
				"down": {"uv": [0.375, 1.75, 0.25, 1.875], "texture": "#0"}
			}
		},
		{
			"from": [-5.5, 18, -3.5],
			"to": [-1.5, 20, 0.5],
			"faces": {
				"north": {"uv": [11, 8.25, 11.5, 8.5], "texture": "#0"},
				"east": {"uv": [10.5, 8.25, 11, 8.5], "texture": "#0"},
				"south": {"uv": [12, 8.25, 12.5, 8.5], "texture": "#0"},
				"west": {"uv": [11.5, 8.25, 12, 8.5], "texture": "#0"},
				"up": {"uv": [11.5, 8.25, 11, 7.75], "texture": "#0"},
				"down": {"uv": [12, 7.75, 11.5, 8.25], "texture": "#0"}
			}
		},
		{
			"name": "drillbod",
			"from": [-7.5, 5, -5.5],
			"to": [0.5, 18, 2.5],
			"faces": {
				"north": {"uv": [1, 2.75, 2, 4.375], "texture": "#0"},
				"east": {"uv": [0, 2.75, 1, 4.375], "texture": "#0"},
				"south": {"uv": [3, 2.75, 4, 4.375], "texture": "#0"},
				"west": {"uv": [2, 2.75, 3, 4.375], "texture": "#0"},
				"up": {"uv": [2, 2.75, 1, 1.75], "texture": "#0"},
				"down": {"uv": [3, 1.75, 2, 2.75], "texture": "#0"}
			}
		},
		{
			"from": [-6.5, 4, -4.5],
			"to": [-0.5, 5, 1.5],
			"faces": {
				"north": {"uv": [10.625, 0.75, 11.375, 0.875], "texture": "#0"},
				"east": {"uv": [9.875, 0.75, 10.625, 0.875], "texture": "#0"},
				"south": {"uv": [12.125, 0.75, 12.875, 0.875], "texture": "#0"},
				"west": {"uv": [11.375, 0.75, 12.125, 0.875], "texture": "#0"},
				"up": {"uv": [11.375, 0.75, 10.625, 0], "texture": "#0"},
				"down": {"uv": [12.125, 0, 11.375, 0.75], "texture": "#0"}
			}
		},
		{
			"from": [-5.5, 3, -3.5],
			"to": [-1.5, 4, 0.5],
			"faces": {
				"north": {"uv": [5.25, 11.25, 5.75, 11.375], "texture": "#0"},
				"east": {"uv": [4.75, 11.25, 5.25, 11.375], "texture": "#0"},
				"south": {"uv": [6.25, 11.25, 6.75, 11.375], "texture": "#0"},
				"west": {"uv": [5.75, 11.25, 6.25, 11.375], "texture": "#0"},
				"up": {"uv": [5.75, 11.25, 5.25, 10.75], "texture": "#0"},
				"down": {"uv": [6.25, 10.75, 5.75, 11.25], "texture": "#0"}
			}
		},
		{
			"from": [-4.5, 2, -2.5],
			"to": [-2.5, 3, -0.5],
			"faces": {
				"north": {"uv": [4.875, 0.25, 5.125, 0.375], "texture": "#0"},
				"east": {"uv": [4.625, 0.25, 4.875, 0.375], "texture": "#0"},
				"south": {"uv": [5.375, 0.25, 5.625, 0.375], "texture": "#0"},
				"west": {"uv": [5.125, 0.25, 5.375, 0.375], "texture": "#0"},
				"up": {"uv": [5.125, 0.25, 4.875, 0], "texture": "#0"},
				"down": {"uv": [5.375, 0, 5.125, 0.25], "texture": "#0"}
			}
		},
		{
			"from": [-4, 1, -2],
			"to": [-3, 2, -1],
			"faces": {
				"north": {"uv": [1, 0.125, 1.125, 0.25], "texture": "#0"},
				"east": {"uv": [0.875, 0.125, 1, 0.25], "texture": "#0"},
				"south": {"uv": [1.25, 0.125, 1.375, 0.25], "texture": "#0"},
				"west": {"uv": [1.125, 0.125, 1.25, 0.25], "texture": "#0"},
				"up": {"uv": [1.125, 0.125, 1, 0], "texture": "#0"},
				"down": {"uv": [1.25, 0, 1.125, 0.125], "texture": "#0"}
			}
		},
		{
			"name": "shoulder",
			"from": [-2, 25, 0],
			"to": [2, 29, 4],
			"faces": {
				"north": {"uv": [3.125, 10.875, 3.625, 11.375], "texture": "#0"},
				"east": {"uv": [2.625, 10.875, 3.125, 11.375], "texture": "#0"},
				"south": {"uv": [4.125, 10.875, 4.625, 11.375], "texture": "#0"},
				"west": {"uv": [3.625, 10.875, 4.125, 11.375], "texture": "#0"},
				"up": {"uv": [3.625, 10.875, 3.125, 10.375], "texture": "#0"},
				"down": {"uv": [4.125, 10.375, 3.625, 10.875], "texture": "#0"}
			}
		},
		{
			"name": "arm",
			"from": [-3, 23, -1],
			"to": [0, 27, 2],
			"faces": {
				"north": {"uv": [3.75, 12, 4.125, 12.5], "texture": "#0"},
				"east": {"uv": [3.375, 12, 3.75, 12.5], "texture": "#0"},
				"south": {"uv": [4.5, 12, 4.875, 12.5], "texture": "#0"},
				"west": {"uv": [4.125, 12, 4.5, 12.5], "texture": "#0"},
				"up": {"uv": [4.125, 12, 3.75, 11.625], "texture": "#0"},
				"down": {"uv": [4.5, 11.625, 4.125, 12], "texture": "#0"}
			}
		},
		{
			"name": "arm",
			"from": [-4, 21, -2],
			"to": [-1, 26, 1],
			"faces": {
				"north": {"uv": [3.75, 11.875, 4.125, 12.5], "texture": "#0"},
				"east": {"uv": [3.375, 11.875, 3.75, 12.5], "texture": "#0"},
				"south": {"uv": [4.5, 11.875, 4.875, 12.5], "texture": "#0"},
				"west": {"uv": [4.125, 11.875, 4.5, 12.5], "texture": "#0"},
				"up": {"uv": [4.125, 11.875, 3.75, 11.5], "texture": "#0"},
				"down": {"uv": [4.5, 11.5, 4.125, 11.875], "texture": "#0"}
			}
		},
		{
			"name": "arm",
			"from": [-5, 20, -3],
			"to": [-2, 25, 0],
			"faces": {
				"north": {"uv": [3.75, 11.875, 4.125, 12.5], "texture": "#0"},
				"east": {"uv": [3.375, 11.875, 3.75, 12.5], "texture": "#0"},
				"south": {"uv": [4.5, 11.875, 4.875, 12.5], "texture": "#0"},
				"west": {"uv": [4.125, 11.875, 4.5, 12.5], "texture": "#0"},
				"up": {"uv": [4.125, 11.875, 3.75, 11.5], "texture": "#0"},
				"down": {"uv": [4.5, 11.5, 4.125, 11.875], "texture": "#0"}
			}
		},
		{
			"from": [17.5, 16, 0.5],
			"to": [21.5, 18, 4.5],
			"faces": {
				"north": {"uv": [11, 8.25, 11.5, 8.5], "texture": "#0"},
				"east": {"uv": [10.5, 8.25, 11, 8.5], "texture": "#0"},
				"south": {"uv": [12, 8.25, 12.5, 8.5], "texture": "#0"},
				"west": {"uv": [11.5, 8.25, 12, 8.5], "texture": "#0"},
				"up": {"uv": [11.5, 8.25, 11, 7.75], "texture": "#0"},
				"down": {"uv": [12, 7.75, 11.5, 8.25], "texture": "#0"}
			}
		},
		{
			"name": "drillbod",
			"from": [15.5, 3, -1.5],
			"to": [23.5, 16, 6.5],
			"faces": {
				"north": {"uv": [1, 2.75, 2, 4.375], "texture": "#0"},
				"east": {"uv": [0, 2.75, 1, 4.375], "texture": "#0"},
				"south": {"uv": [3, 2.75, 4, 4.375], "texture": "#0"},
				"west": {"uv": [2, 2.75, 3, 4.375], "texture": "#0"},
				"up": {"uv": [2, 2.75, 1, 1.75], "texture": "#0"},
				"down": {"uv": [3, 1.75, 2, 2.75], "texture": "#0"}
			}
		},
		{
			"from": [16.5, 2, -0.5],
			"to": [22.5, 3, 5.5],
			"faces": {
				"north": {"uv": [10.625, 0.75, 11.375, 0.875], "texture": "#0"},
				"east": {"uv": [9.875, 0.75, 10.625, 0.875], "texture": "#0"},
				"south": {"uv": [12.125, 0.75, 12.875, 0.875], "texture": "#0"},
				"west": {"uv": [11.375, 0.75, 12.125, 0.875], "texture": "#0"},
				"up": {"uv": [11.375, 0.75, 10.625, 0], "texture": "#0"},
				"down": {"uv": [12.125, 0, 11.375, 0.75], "texture": "#0"}
			}
		},
		{
			"from": [17.5, 1, 0.5],
			"to": [21.5, 2, 4.5],
			"faces": {
				"north": {"uv": [5.25, 11.25, 5.75, 11.375], "texture": "#0"},
				"east": {"uv": [4.75, 11.25, 5.25, 11.375], "texture": "#0"},
				"south": {"uv": [6.25, 11.25, 6.75, 11.375], "texture": "#0"},
				"west": {"uv": [5.75, 11.25, 6.25, 11.375], "texture": "#0"},
				"up": {"uv": [5.75, 11.25, 5.25, 10.75], "texture": "#0"},
				"down": {"uv": [6.25, 10.75, 5.75, 11.25], "texture": "#0"}
			}
		},
		{
			"from": [18.5, 0, 1.5],
			"to": [20.5, 1, 3.5],
			"faces": {
				"north": {"uv": [4.875, 0.25, 5.125, 0.375], "texture": "#0"},
				"east": {"uv": [4.625, 0.25, 4.875, 0.375], "texture": "#0"},
				"south": {"uv": [5.375, 0.25, 5.625, 0.375], "texture": "#0"},
				"west": {"uv": [5.125, 0.25, 5.375, 0.375], "texture": "#0"},
				"up": {"uv": [5.125, 0.25, 4.875, 0], "texture": "#0"},
				"down": {"uv": [5.375, 0, 5.125, 0.25], "texture": "#0"}
			}
		},
		{
			"from": [19, -1, 2],
			"to": [20, 0, 3],
			"faces": {
				"north": {"uv": [1, 0.125, 1.125, 0.25], "texture": "#0"},
				"east": {"uv": [0.875, 0.125, 1, 0.25], "texture": "#0"},
				"south": {"uv": [1.25, 0.125, 1.375, 0.25], "texture": "#0"},
				"west": {"uv": [1.125, 0.125, 1.25, 0.25], "texture": "#0"},
				"up": {"uv": [1.125, 0.125, 1, 0], "texture": "#0"},
				"down": {"uv": [1.25, 0, 1.125, 0.125], "texture": "#0"}
			}
		},
		{
			"name": "shoulder",
			"from": [14, 23, 4],
			"to": [18, 27, 8],
			"faces": {
				"north": {"uv": [3.125, 10.875, 3.625, 11.375], "texture": "#0"},
				"east": {"uv": [2.625, 10.875, 3.125, 11.375], "texture": "#0"},
				"south": {"uv": [4.125, 10.875, 4.625, 11.375], "texture": "#0"},
				"west": {"uv": [3.625, 10.875, 4.125, 11.375], "texture": "#0"},
				"up": {"uv": [3.625, 10.875, 3.125, 10.375], "texture": "#0"},
				"down": {"uv": [4.125, 10.375, 3.625, 10.875], "texture": "#0"}
			}
		},
		{
			"name": "arm",
			"from": [16, 21, 3],
			"to": [19, 25, 6],
			"faces": {
				"north": {"uv": [3.75, 12, 4.125, 12.5], "texture": "#0"},
				"east": {"uv": [3.375, 12, 3.75, 12.5], "texture": "#0"},
				"south": {"uv": [4.5, 12, 4.875, 12.5], "texture": "#0"},
				"west": {"uv": [4.125, 12, 4.5, 12.5], "texture": "#0"},
				"up": {"uv": [4.125, 12, 3.75, 11.625], "texture": "#0"},
				"down": {"uv": [4.5, 11.625, 4.125, 12], "texture": "#0"}
			}
		},
		{
			"name": "arm",
			"from": [17, 19, 2],
			"to": [20, 24, 5],
			"faces": {
				"north": {"uv": [3.75, 11.875, 4.125, 12.5], "texture": "#0"},
				"east": {"uv": [3.375, 11.875, 3.75, 12.5], "texture": "#0"},
				"south": {"uv": [4.5, 11.875, 4.875, 12.5], "texture": "#0"},
				"west": {"uv": [4.125, 11.875, 4.5, 12.5], "texture": "#0"},
				"up": {"uv": [4.125, 11.875, 3.75, 11.5], "texture": "#0"},
				"down": {"uv": [4.5, 11.5, 4.125, 11.875], "texture": "#0"}
			}
		},
		{
			"name": "arm",
			"from": [18, 18, 1],
			"to": [21, 23, 4],
			"faces": {
				"north": {"uv": [3.75, 11.875, 4.125, 12.5], "texture": "#0"},
				"east": {"uv": [3.375, 11.875, 3.75, 12.5], "texture": "#0"},
				"south": {"uv": [4.5, 11.875, 4.875, 12.5], "texture": "#0"},
				"west": {"uv": [4.125, 11.875, 4.5, 12.5], "texture": "#0"},
				"up": {"uv": [4.125, 11.875, 3.75, 11.5], "texture": "#0"},
				"down": {"uv": [4.5, 11.5, 4.125, 11.875], "texture": "#0"}
			}
		}
	],
	"display": {
		"thirdperson_righthand": {
			"rotation": [90, 0, 0],
			"translation": [-6.25, 0, 6],
			"scale": [4, 4, 4]
		},
		"thirdperson_lefthand": {
			"rotation": [90, 0, 0],
			"translation": [-5.75, 0, 32.5],
			"scale": [4, 4, 4]
		},
		"ground": {
			"translation": [0, 28, 0],
			"scale": [4, 4, 4]
		},
		"head": {
			"scale": [4, 4, 4]
		}
	},
	"groups": [
		{
			"name": "leftleg",
			"origin": [0, 0, 0],
			"children": [0, 1]
		},
		{
			"name": "rightleg",
			"origin": [0, 0, 0],
			"children": [2, 3]
		},
		{
			"name": "body",
			"origin": [8, 8, 8],
			"children": [4, 5, 6, 7, 8, 9, 10, 11, 12, 13, 14, 15, 16, 17, 18]
		},
		{
			"name": "head",
			"origin": [8, 8, 8],
			"children": [19, 20, 21, 22, 23, 24]
		}, 25,
		{
			"name": "blocker",
			"origin": [8, 8, 8],
			"children": [26, 27, 28, 29, 30, 31, 32, 33, 34, 35, 36, 37, 38, 39, 40, 41]
		},
		{
			"name": "drillarml",
			"origin": [8, 8, 8],
			"children": [42, 43, 44, 45, 46, 47]
		},
		{
			"name": "arml",
			"origin": [8, 8, 8],
			"children": [48, 49, 50, 51]
		},
		{
			"name": "drillarmr",
			"origin": [8, 8, 8],
			"children": [52, 53, 54, 55, 56, 57]
		},
		{
			"name": "armr",
			"origin": [8, 8, 8],
			"children": [58, 59, 60, 61]
		}
	]
}